{"cameraMode":{"drawMode":0,"name":"Shaded","section":"Shading Mode"},"sceneLighting":true,"audioPlay":false,"sceneViewState":{"showFog":true,"showMaterialUpdate":true,"showSkybox":true,"showFlares":true,"showImageEffects":true,"showParticleSystems":true},"in2DMode":false,"pivot":{"x":0.0,"y":99.99998474121094,"z":-12.000011444091797},"rotation":{"x":0.7075257897377014,"y":0.003180074505507946,"z":-0.0031839164439588787,"w":0.7066743969917297},"size":42.1589241027832,"orthographic":false}