{"cameraMode":{"drawMode":0,"name":"Shaded","section":"Shading Mode"},"sceneLighting":false,"audioPlay":false,"sceneViewState":{"showFog":true,"showMaterialUpdate":true,"showSkybox":false,"showFlares":true,"showImageEffects":true,"showParticleSystems":true},"in2DMode":false,"pivot":{"x":0.635012149810791,"y":-0.886317253112793,"z":-0.9344531297683716},"rotation":{"x":0.2877187728881836,"y":-0.6168643832206726,"z":0.258990615606308,"w":0.6852914690971375},"size":10.038152694702149,"orthographic":false}