{"cameraMode":{"drawMode":0,"name":"Shaded","section":"Shading Mode"},"sceneLighting":true,"audioPlay":false,"sceneViewState":{"showFog":true,"showMaterialUpdate":true,"showSkybox":false,"showFlares":true,"showImageEffects":true,"showParticleSystems":true},"in2DMode":false,"pivot":{"x":14.334426879882813,"y":-22.254928588867189,"z":-17.77362823486328},"rotation":{"x":0.017804158851504327,"y":-0.9821359515190125,"z":0.13790364563465119,"w":0.12680239975452424},"size":202.2335205078125,"orthographic":false}