{"cameraMode":{"drawMode":0,"name":"Shaded","section":"Shading Mode"},"sceneLighting":true,"audioPlay":false,"sceneViewState":{"showFog":true,"showMaterialUpdate":true,"showSkybox":false,"showFlares":true,"showImageEffects":true,"showParticleSystems":true},"in2DMode":false,"pivot":{"x":0.4055401086807251,"y":0.39746618270874026,"z":-30.909273147583009},"rotation":{"x":0.28919488191604617,"y":-0.7065228819847107,"z":0.5006673336029053,"w":0.40809640288352969},"size":8.877562522888184,"orthographic":false}