{"cameraMode":{"drawMode":0,"name":"Shaded","section":"Shading Mode"},"sceneLighting":false,"audioPlay":false,"sceneViewState":{"showFog":true,"showMaterialUpdate":true,"showSkybox":false,"showFlares":true,"showImageEffects":true,"showParticleSystems":true},"in2DMode":false,"pivot":{"x":-0.6676559448242188,"y":4.294796943664551,"z":-6.596586227416992},"rotation":{"x":-0.6526064276695252,"y":0.005923178978264332,"z":-0.005039962474256754,"w":-0.7577268481254578},"size":333.8419494628906,"orthographic":false}