{"cameraMode":{"drawMode":0,"name":"Shaded","section":"Shading Mode"},"sceneLighting":true,"audioPlay":false,"sceneViewState":{"showFog":true,"showMaterialUpdate":true,"showSkybox":true,"showFlares":true,"showImageEffects":true,"showParticleSystems":true},"in2DMode":false,"pivot":{"x":-1.1854925155639649,"y":-307.3719482421875,"z":93.1333999633789},"rotation":{"x":0.6178722381591797,"y":-0.0009605081286281347,"z":0.0006949097150936723,"w":0.7863351106643677},"size":379.294921875,"orthographic":false}