{"cameraMode":{"drawMode":0,"name":"Shaded","section":"Shading Mode"},"sceneLighting":false,"audioPlay":false,"sceneViewState":{"showFog":true,"showMaterialUpdate":true,"showSkybox":false,"showFlares":true,"showImageEffects":true,"showParticleSystems":true},"in2DMode":false,"pivot":{"x":1.888216495513916,"y":1.8655424118041993,"z":7.3029632568359379},"rotation":{"x":0.5073789954185486,"y":-0.34520018100738528,"z":0.2320808321237564,"w":0.7546819448471069},"size":46.40827941894531,"orthographic":false}