{"cameraMode":{"drawMode":0,"name":"Shaded","section":"Shading Mode"},"sceneLighting":false,"audioPlay":false,"sceneViewState":{"showFog":true,"showMaterialUpdate":true,"showSkybox":false,"showFlares":true,"showImageEffects":true,"showParticleSystems":true},"in2DMode":false,"pivot":{"x":0.0,"y":1.3599998950958253,"z":-4.519999980926514},"rotation":{"x":0.6208380460739136,"y":-0.011758198961615563,"z":0.009313218295574189,"w":0.7837988138198853},"size":4.3205037117004398,"orthographic":false}