{"cameraMode":{"drawMode":0,"name":"Shaded","section":"Shading Mode"},"sceneLighting":false,"audioPlay":false,"sceneViewState":{"showFog":true,"showMaterialUpdate":true,"showSkybox":false,"showFlares":true,"showImageEffects":true,"showParticleSystems":true},"in2DMode":false,"pivot":{"x":-0.47925758361816409,"y":-0.12940311431884767,"z":-2.193493366241455},"rotation":{"x":0.7176337838172913,"y":0.0010447937529534102,"z":-0.0010765030747279525,"w":0.6964214444160461},"size":13.512226104736329,"orthographic":false}