{"cameraMode":{"drawMode":0,"name":"Shaded","section":"Shading Mode"},"sceneLighting":false,"audioPlay":false,"sceneViewState":{"showFog":true,"showMaterialUpdate":true,"showSkybox":false,"showFlares":true,"showImageEffects":true,"showParticleSystems":true},"in2DMode":false,"pivot":{"x":0.0,"y":0.40000057220458987,"z":70.77198791503906},"rotation":{"x":0.7075257897377014,"y":0.003180074505507946,"z":-0.0031839164439588787,"w":0.7066743969917297},"size":113.00865936279297,"orthographic":false}