{"cameraMode":{"drawMode":0,"name":"Shaded","section":"Shading Mode"},"sceneLighting":false,"audioPlay":false,"sceneViewState":{"showFog":true,"showMaterialUpdate":true,"showSkybox":false,"showFlares":true,"showImageEffects":true,"showParticleSystems":true},"in2DMode":false,"pivot":{"x":0.0,"y":3.999999761581421,"z":0.1400003433227539},"rotation":{"x":0.14438225328922273,"y":-0.011874259449541569,"z":0.0017312029376626015,"w":0.9894580245018005},"size":36.79242706298828,"orthographic":true}