{"cameraMode":{"drawMode":0,"name":"Shaded","section":"Shading Mode"},"sceneLighting":true,"audioPlay":false,"sceneViewState":{"showFog":true,"showMaterialUpdate":true,"showSkybox":true,"showFlares":true,"showImageEffects":true,"showParticleSystems":true},"in2DMode":false,"pivot":{"x":0.0,"y":0.32000041007995608,"z":70.21759033203125},"rotation":{"x":0.5358349084854126,"y":0.003799478290602565,"z":-0.0024112300015985967,"w":0.8443155884742737},"size":170.65965270996095,"orthographic":false}