{"cameraMode":{"drawMode":0,"name":"Shaded","section":"Shading Mode"},"sceneLighting":false,"audioPlay":false,"sceneViewState":{"showFog":true,"showMaterialUpdate":true,"showSkybox":false,"showFlares":true,"showImageEffects":true,"showParticleSystems":true},"in2DMode":false,"pivot":{"x":-37.5,"y":0.40000057220458987,"z":70.77198791503906},"rotation":{"x":0.7080520987510681,"y":0.012708134949207306,"z":-0.012746317312121392,"w":0.7059309482574463},"size":65.03575897216797,"orthographic":false}