{"cameraMode":{"drawMode":0,"name":"Shaded","section":"Shading Mode"},"sceneLighting":false,"audioPlay":false,"sceneViewState":{"showFog":true,"showMaterialUpdate":true,"showSkybox":false,"showFlares":true,"showImageEffects":true,"showParticleSystems":true},"in2DMode":false,"pivot":{"x":0.5536512732505798,"y":-0.47547733783721926,"z":0.41671085357666018},"rotation":{"x":0.12058775871992111,"y":0.016379017382860185,"z":-0.0019891588017344476,"w":0.992569088935852},"size":7.000357151031494,"orthographic":true}